USE MOCKBUSTER;


#	Create 3 Vendors to purchase games from:


INSERT INTO VENDOR (VE_NAME,VE_PHONE_NUM,VE_ADDRESS) VALUES ('Wholesale Video Game Sales','607-654-6674','10 Wherever Ave, Troy, NY, 12180');

INSERT INTO VENDOR (VE_NAME,VE_PHONE_NUM,VE_ADDRESS) VALUES ('LameStop','607-613-3333','15 Laurence Lane, Maryland, NY, 12116');

INSERT INTO VENDOR (VE_NAME,VE_PHONE_NUM,VE_ADDRESS) VALUES ('Electronic Larks','603-999-8071','5000 Hullabaloo Way, Nashua, NH, 03063');


#	Create the first branch store, 3 employees, and assign a manager:


Insert INTO BRANCH (BR_ADDRESS, BR_PHONE_NUM) VALUES ('1776 Freedom Rd,Maryland, NY, 12116','456-456-4567');

Insert INTO EMPLOYEE (EM_FIRST_NAME, EM_LAST_NAME, EM_PAY_RATE, EM_PHONE_NUM, EM_DOB, EM_SS_NUM, EM_ADDRESS, BR_ID)
	VALUES ('John','Westerson',25.00,'607-607-6677','1985-04-25','111-111-1111','106 Pheonix Rd, Maryland, NY, 12116',1);
    
INSERT INTO MANAGER (EM_ID, BR_ID) VALUE (1,1);

UPDATE BRANCH SET MA_ID = 1 WHERE BR_ID = 1;

Insert INTO EMPLOYEE (EM_FIRST_NAME, EM_LAST_NAME, EM_PAY_RATE, EM_PHONE_NUM, EM_DOB, EM_SS_NUM, EM_ADDRESS, BR_ID)
	VALUES ('Jane','Easterson',10.00,'511-611-6457','1995-02-15','222-222-2222','107 Tiger Rd, Maryland, NY, 12116',1);
    
Insert INTO EMPLOYEE (EM_FIRST_NAME, EM_LAST_NAME, EM_PAY_RATE, EM_PHONE_NUM, EM_DOB, EM_SS_NUM, EM_ADDRESS, BR_ID)
	VALUES ('Elon','Musket',10.00,'123-132-1677','1975-03-17','333-333-3333','123 Tesla St, Maryland, NY, 12116',1);
        
    
#	Create the Second branch store, employees, and assign a manager:


Insert INTO BRANCH (BR_ADDRESS, BR_PHONE_NUM) VALUES ('1920 Roarin Rd, Troy, NY, 12180','120-120-1203');

Insert INTO EMPLOYEE (EM_FIRST_NAME, EM_LAST_NAME, EM_PAY_RATE, EM_PHONE_NUM, EM_DOB, EM_SS_NUM, EM_ADDRESS, BR_ID)
	VALUES ('Jason','Boberts',25.00,'518-518-5188','1905-07-15','110-110-1110','5 Proto Rd, Troy, NY, 12180',2);
    
INSERT INTO MANAGER (EM_ID, BR_ID) VALUE (4,2);

UPDATE BRANCH SET MA_ID = 2 WHERE BR_ID = 2;

Insert INTO EMPLOYEE (EM_FIRST_NAME, EM_LAST_NAME, EM_PAY_RATE, EM_PHONE_NUM, EM_DOB, EM_SS_NUM, EM_ADDRESS, BR_ID)
	VALUES ('Janet','Weiss',10.00,'518-621-6777','1990-12-25','232-232-2213','107 Rocky Rd, Troy, NY, 12180',2);
    
Insert INTO EMPLOYEE (EM_FIRST_NAME, EM_LAST_NAME, EM_PAY_RATE, EM_PHONE_NUM, EM_DOB, EM_SS_NUM, EM_ADDRESS, BR_ID)
	VALUES ('Bronn','Guiermo',10.00,'115-162-1669','1960-01-01','353-353-3553','123 Castle St, Troy, NY, 12180', 2);
    
# Make up some games and populate games inventory: one entry for each game at each branch:

Insert INTO VIDEO_DETAIL (VD_NAME, VD_GENRE, VD_PUBLISHER)
    VALUES ('God of Doors','Action','SOMY Entertainment');
    
Insert INTO VIDEO_GAME (VD_ID, VG_COPIES_OWNED, VG_COPIES_RENTED, BR_ID)
    VALUES (1,0,0,1);

Insert INTO VIDEO_GAME (VD_ID, VG_COPIES_OWNED, VG_COPIES_RENTED, BR_ID)
    VALUES (1,0,0,2);

Insert INTO VIDEO_DETAIL (VD_NAME, VD_GENRE, VD_PUBLISHER)
	VALUES ('Civilized Discourse','Simulation','Mid Seier');
    
Insert INTO VIDEO_GAME (VD_ID, VG_COPIES_OWNED, VG_COPIES_RENTED, BR_ID)
    VALUES (2,0,0,1);

Insert INTO VIDEO_GAME (VD_ID, VG_COPIES_OWNED, VG_COPIES_RENTED, BR_ID)
    VALUES (2,0,0,2);

Insert INTO VIDEO_DETAIL (VD_NAME, VD_GENRE, VD_PUBLISHER)
	 VALUES ('Dark Soles','Action RPG','Fromhard');
     
Insert INTO VIDEO_GAME (VD_ID, VG_COPIES_OWNED, VG_COPIES_RENTED, BR_ID)
    VALUES (3,0,0,1);

Insert INTO VIDEO_GAME (VD_ID, VG_COPIES_OWNED, VG_COPIES_RENTED, BR_ID)
    VALUES (3,0,0,2);

Insert INTO VIDEO_DETAIL (VD_NAME, VD_GENRE, VD_PUBLISHER)
	VALUES ('Big Snek','Action','Fromhard');
    
Insert INTO VIDEO_GAME (VD_ID, VG_COPIES_OWNED, VG_COPIES_RENTED, BR_ID)
    VALUES (4,0,0,1);
    
Insert INTO VIDEO_GAME (VD_ID, VG_COPIES_OWNED, VG_COPIES_RENTED, BR_ID)
    VALUES (4,0,0,2);

Insert INTO VIDEO_DETAIL (VD_NAME, VD_GENRE, VD_PUBLISHER)
	VALUES ('Pretty Intense Soccer 2019','Sports','Electric Arts');
    
Insert INTO VIDEO_GAME (VD_ID, VG_COPIES_OWNED, VG_COPIES_RENTED, BR_ID)
    VALUES (5,0,0,1);

Insert INTO VIDEO_GAME (VD_ID, VG_COPIES_OWNED, VG_COPIES_RENTED, BR_ID)
    VALUES (5,0,0,2);
    
    
Insert INTO VIDEO_DETAIL (VD_NAME, VD_GENRE, VD_PUBLISHER)
    VALUES ('Pretty Intense Football 2019','Sports','Electric Arts');
    
Insert INTO VIDEO_GAME (VD_ID, VG_COPIES_OWNED, VG_COPIES_RENTED, BR_ID)
    VALUES (6,0,0,1);

Insert INTO VIDEO_GAME (VD_ID, VG_COPIES_OWNED, VG_COPIES_RENTED, BR_ID)
    VALUES (6,0,0,2);

Insert INTO VIDEO_DETAIL (VD_NAME, VD_GENRE, VD_PUBLISHER)
    VALUES ('FIFER 2019','Sports','Electric Arts');
    
Insert INTO VIDEO_GAME (VD_ID, VG_COPIES_OWNED, VG_COPIES_RENTED, BR_ID)
    VALUES (7,0,0,1);
    
Insert INTO VIDEO_GAME (VD_ID, VG_COPIES_OWNED, VG_COPIES_RENTED, BR_ID)
    VALUES (7,0,0,2);

Insert INTO VIDEO_DETAIL (VD_NAME, VD_GENRE, VD_PUBLISHER)
	 VALUES ('Grandma Fighting Z','Fighting','Electric Arts');

Insert INTO VIDEO_GAME (VD_ID, VG_COPIES_OWNED, VG_COPIES_RENTED, BR_ID)
    VALUES (8,0,0,1);

Insert INTO VIDEO_GAME (VD_ID, VG_COPIES_OWNED, VG_COPIES_RENTED, BR_ID)
    VALUES (8,0,0,2);

Insert INTO VIDEO_DETAIL (VD_NAME, VD_GENRE, VD_PUBLISHER)
    VALUES ('Definitely not a clone of Pod Racing','Racing','Not Lucas Arts');
    
Insert INTO VIDEO_GAME (VD_ID, VG_COPIES_OWNED, VG_COPIES_RENTED, BR_ID)
    VALUES (9,0,0,1);

Insert INTO VIDEO_GAME (VD_ID, VG_COPIES_OWNED, VG_COPIES_RENTED, BR_ID)
    VALUES (9,0,0,2);

Insert INTO VIDEO_DETAIL (VD_NAME, VD_GENRE, VD_PUBLISHER)
    VALUES ('Last Fantasy 15','RPG','Trianglesoft');
    
Insert INTO VIDEO_GAME (VD_ID, VG_COPIES_OWNED, VG_COPIES_RENTED, BR_ID)
    VALUES (10,0,0,1);
    
Insert INTO VIDEO_GAME (VD_ID, VG_COPIES_OWNED, VG_COPIES_RENTED, BR_ID)
    VALUES (10,0,0,2);

Insert INTO VIDEO_DETAIL (VD_NAME, VD_GENRE, VD_PUBLISHER)
	VALUES ('Lord of the Things','Action RPG','Trianglesoft');
    
Insert INTO VIDEO_GAME (VD_ID, VG_COPIES_OWNED, VG_COPIES_RENTED, BR_ID)
    VALUES (11,0,0,1);
    
Insert INTO VIDEO_GAME (VD_ID, VG_COPIES_OWNED, VG_COPIES_RENTED, BR_ID)
    VALUES (11,0,0,2);

Insert INTO VIDEO_DETAIL (VD_NAME, VD_GENRE, VD_PUBLISHER)
    VALUES ('Gaussian Elimination','Action','Normalsoft');
    
Insert INTO VIDEO_GAME (VD_ID, VG_COPIES_OWNED, VG_COPIES_RENTED, BR_ID)
    VALUES (12,0,0,1);
    
Insert INTO VIDEO_GAME (VD_ID, VG_COPIES_OWNED, VG_COPIES_RENTED, BR_ID)
    VALUES (12,0,0,2);

Insert INTO VIDEO_DETAIL (VD_NAME, VD_GENRE, VD_PUBLISHER)
	VALUES ('Pro Leet Golf','Sports','Normalsoft');
    
Insert INTO VIDEO_GAME (VD_ID, VG_COPIES_OWNED, VG_COPIES_RENTED, BR_ID)
    VALUES (13,0,0,1);
    
Insert INTO VIDEO_GAME (VD_ID, VG_COPIES_OWNED, VG_COPIES_RENTED, BR_ID)
    VALUES (13,0,0,2);

Insert INTO VIDEO_DETAIL (VD_NAME, VD_GENRE, VD_PUBLISHER)
    VALUES ('Werewolf Island','Action','Black Peninsula');
    
Insert INTO VIDEO_GAME (VD_ID, VG_COPIES_OWNED, VG_COPIES_RENTED, BR_ID)
    VALUES (14,0,0,1);
    
Insert INTO VIDEO_GAME (VD_ID, VG_COPIES_OWNED, VG_COPIES_RENTED, BR_ID)
    VALUES (14,0,0,2);

Insert INTO VIDEO_DETAIL (VD_NAME, VD_GENRE, VD_PUBLISHER)
	VALUES ('Robots','Fighting','Turing Co.');
    
Insert INTO VIDEO_GAME (VD_ID, VG_COPIES_OWNED, VG_COPIES_RENTED, BR_ID)
    VALUES (15,0,0,1);
    
Insert INTO VIDEO_GAME (VD_ID, VG_COPIES_OWNED, VG_COPIES_RENTED, BR_ID)
    VALUES (15,0,0,2);

Insert INTO VIDEO_DETAIL (VD_NAME, VD_GENRE, VD_PUBLISHER)
	VALUES ('Heroes of the Galaxy','Action','Marvelous');
    
Insert INTO VIDEO_GAME (VD_ID, VG_COPIES_OWNED, VG_COPIES_RENTED, BR_ID)
    VALUES (16,0,0,1);

Insert INTO VIDEO_GAME (VD_ID, VG_COPIES_OWNED, VG_COPIES_RENTED, BR_ID)
    VALUES (16,0,0,2);

Insert INTO VIDEO_DETAIL (VD_NAME, VD_GENRE, VD_PUBLISHER)
    VALUES ('World of Battlecraft','RPG','Hurricane');
    
Insert INTO VIDEO_GAME (VD_ID, VG_COPIES_OWNED, VG_COPIES_RENTED, BR_ID)
    VALUES (17,0,0,1);
    
Insert INTO VIDEO_GAME (VD_ID, VG_COPIES_OWNED, VG_COPIES_RENTED, BR_ID)
    VALUES (17,0,0,2);

Insert INTO VIDEO_DETAIL (VD_NAME, VD_GENRE, VD_PUBLISHER)
    VALUES ('Make it Dead','Horror','Mocpac');
    
Insert INTO VIDEO_GAME (VD_ID, VG_COPIES_OWNED, VG_COPIES_RENTED, BR_ID)
    VALUES (18,0,0,1);

Insert INTO VIDEO_GAME (VD_ID, VG_COPIES_OWNED, VG_COPIES_RENTED, BR_ID)
    VALUES (18,0,0,2);

Insert INTO VIDEO_DETAIL (VD_NAME, VD_GENRE, VD_PUBLISHER)
    VALUES ('Make it Dead 2: Redeadening','Horror','Mocpac');
    
Insert INTO VIDEO_GAME (VD_ID, VG_COPIES_OWNED, VG_COPIES_RENTED, BR_ID)
    VALUES (19,0,0,1);
    
Insert INTO VIDEO_GAME (VD_ID, VG_COPIES_OWNED, VG_COPIES_RENTED, BR_ID)
    VALUES (19,0,0,2);

Insert INTO VIDEO_DETAIL (VD_NAME, VD_GENRE, VD_PUBLISHER)
    VALUES ('Managing a Zoo: Harambe Edition','Simulation','Mid Seier');
    
Insert INTO VIDEO_GAME (VD_ID, VG_COPIES_OWNED, VG_COPIES_RENTED, BR_ID)
    VALUES (20,0,0,1);

Insert INTO VIDEO_GAME (VD_ID, VG_COPIES_OWNED, VG_COPIES_RENTED, BR_ID)
    VALUES (20,0,0,2);
    
    
# Purchase games for branch 1


INSERT INTO PURCHASE_HIST (PH_DATE, VG_ID, BR_ID, NUM_PURCHASED, IND_COST, VE_ID, MA_ID)
	VALUES (CURDATE(),1,1,5,50.00,1,1);

INSERT INTO PURCHASE_HIST (PH_DATE, VG_ID, BR_ID, NUM_PURCHASED, IND_COST, VE_ID, MA_ID)
	VALUES (CURDATE(),3,1,5,50.00,1,1);
    
INSERT INTO PURCHASE_HIST (PH_DATE, VG_ID, BR_ID, NUM_PURCHASED, IND_COST, VE_ID, MA_ID)
	VALUES (CURDATE(),5,1,5,50.00,1,1);
    
INSERT INTO PURCHASE_HIST (PH_DATE, VG_ID, BR_ID, NUM_PURCHASED, IND_COST, VE_ID, MA_ID)
	VALUES (CURDATE(),7,1,5,50.00,1,1);
    
INSERT INTO PURCHASE_HIST (PH_DATE, VG_ID, BR_ID, NUM_PURCHASED, IND_COST, VE_ID, MA_ID)
	VALUES (CURDATE(),9,1,5,50.00,1,1);
    
INSERT INTO PURCHASE_HIST (PH_DATE, VG_ID, BR_ID, NUM_PURCHASED, IND_COST, VE_ID, MA_ID)
	VALUES (CURDATE(),11,1,5,50.00,1,1);
    
INSERT INTO PURCHASE_HIST (PH_DATE, VG_ID, BR_ID, NUM_PURCHASED, IND_COST, VE_ID, MA_ID)
	VALUES (CURDATE(),13,1,5,50.00,1,1);

INSERT INTO PURCHASE_HIST (PH_DATE, VG_ID, BR_ID, NUM_PURCHASED, IND_COST, VE_ID, MA_ID)
	VALUES (CURDATE(),15,1,5,50.00,1,1);

INSERT INTO PURCHASE_HIST (PH_DATE, VG_ID, BR_ID, NUM_PURCHASED, IND_COST, VE_ID, MA_ID)
	VALUES (CURDATE(),17,1,5,50.00,1,1);

INSERT INTO PURCHASE_HIST (PH_DATE, VG_ID, BR_ID, NUM_PURCHASED, IND_COST, VE_ID, MA_ID)
	VALUES (CURDATE(),19,1,5,50.00,1,1);
    
INSERT INTO PURCHASE_HIST (PH_DATE, VG_ID, BR_ID, NUM_PURCHASED, IND_COST, VE_ID, MA_ID)
	VALUES (CURDATE(),21,1,5,50.00,1,1);

INSERT INTO PURCHASE_HIST (PH_DATE, VG_ID, BR_ID, NUM_PURCHASED, IND_COST, VE_ID, MA_ID)
	VALUES (CURDATE(),23,1,5,50.00,1,1);

INSERT INTO PURCHASE_HIST (PH_DATE, VG_ID, BR_ID, NUM_PURCHASED, IND_COST, VE_ID, MA_ID)
	VALUES (CURDATE(),25,1,5,50.00,1,1);

INSERT INTO PURCHASE_HIST (PH_DATE, VG_ID, BR_ID, NUM_PURCHASED, IND_COST, VE_ID, MA_ID)
	VALUES (CURDATE(),27,1,5,50.00,1,1);

INSERT INTO PURCHASE_HIST (PH_DATE, VG_ID, BR_ID, NUM_PURCHASED, IND_COST, VE_ID, MA_ID)
	VALUES (CURDATE(),29,1,5,50.00,1,1);

INSERT INTO PURCHASE_HIST (PH_DATE, VG_ID, BR_ID, NUM_PURCHASED, IND_COST, VE_ID, MA_ID)
	VALUES (CURDATE(),31,1,5,50.00,1,1);

INSERT INTO PURCHASE_HIST (PH_DATE, VG_ID, BR_ID, NUM_PURCHASED, IND_COST, VE_ID, MA_ID)
	VALUES (CURDATE(),33,1,5,50.00,1,1);

INSERT INTO PURCHASE_HIST (PH_DATE, VG_ID, BR_ID, NUM_PURCHASED, IND_COST, VE_ID, MA_ID)
	VALUES (CURDATE(),35,1,5,50.00,1,1);

INSERT INTO PURCHASE_HIST (PH_DATE, VG_ID, BR_ID, NUM_PURCHASED, IND_COST, VE_ID, MA_ID)
	VALUES (CURDATE(),37,1,5,50.00,1,1);

INSERT INTO PURCHASE_HIST (PH_DATE, VG_ID, BR_ID, NUM_PURCHASED, IND_COST, VE_ID, MA_ID)
	VALUES (CURDATE(),39,1,5,50.00,1,1);
  
  
# Purchase Games for Branch 2
    

INSERT INTO PURCHASE_HIST (PH_DATE, VG_ID, BR_ID, NUM_PURCHASED, IND_COST, VE_ID, MA_ID)
	VALUES (CURDATE(),2,2,5,50.00,2,2);
    
INSERT INTO PURCHASE_HIST (PH_DATE, VG_ID, BR_ID, NUM_PURCHASED, IND_COST, VE_ID, MA_ID)
	VALUES (CURDATE(),4,2,5,50.00,2,2);

INSERT INTO PURCHASE_HIST (PH_DATE, VG_ID, BR_ID, NUM_PURCHASED, IND_COST, VE_ID, MA_ID)
	VALUES (CURDATE(),6,2,5,50.00,2,2);
    
INSERT INTO PURCHASE_HIST (PH_DATE, VG_ID, BR_ID, NUM_PURCHASED, IND_COST, VE_ID, MA_ID)
	VALUES (CURDATE(),8,2,5,50.00,2,2);
    
INSERT INTO PURCHASE_HIST (PH_DATE, VG_ID, BR_ID, NUM_PURCHASED, IND_COST, VE_ID, MA_ID)
	VALUES (CURDATE(),10,2,5,50.00,2,2);

INSERT INTO PURCHASE_HIST (PH_DATE, VG_ID, BR_ID, NUM_PURCHASED, IND_COST, VE_ID, MA_ID)
	VALUES (CURDATE(),12,2,5,50.00,2,2);

INSERT INTO PURCHASE_HIST (PH_DATE, VG_ID, BR_ID, NUM_PURCHASED, IND_COST, VE_ID, MA_ID)
	VALUES (CURDATE(),14,2,5,50.00,2,2);

INSERT INTO PURCHASE_HIST (PH_DATE, VG_ID, BR_ID, NUM_PURCHASED, IND_COST, VE_ID, MA_ID)
	VALUES (CURDATE(),16,2,5,50.00,2,2);

INSERT INTO PURCHASE_HIST (PH_DATE, VG_ID, BR_ID, NUM_PURCHASED, IND_COST, VE_ID, MA_ID)
	VALUES (CURDATE(),18,2,5,50.00,2,2);

INSERT INTO PURCHASE_HIST (PH_DATE, VG_ID, BR_ID, NUM_PURCHASED, IND_COST, VE_ID, MA_ID)
	VALUES (CURDATE(),20,2,7,50.00,3,2);

INSERT INTO PURCHASE_HIST (PH_DATE, VG_ID, BR_ID, NUM_PURCHASED, IND_COST, VE_ID, MA_ID)
	VALUES (CURDATE(),22,2,7,50.00,3,2);

INSERT INTO PURCHASE_HIST (PH_DATE, VG_ID, BR_ID, NUM_PURCHASED, IND_COST, VE_ID, MA_ID)
	VALUES (CURDATE(),24,2,7,50.00,3,2);

INSERT INTO PURCHASE_HIST (PH_DATE, VG_ID, BR_ID, NUM_PURCHASED, IND_COST, VE_ID, MA_ID)
	VALUES (CURDATE(),26,2,7,50.00,3,2);

INSERT INTO PURCHASE_HIST (PH_DATE, VG_ID, BR_ID, NUM_PURCHASED, IND_COST, VE_ID, MA_ID)
	VALUES (CURDATE(),28,2,7,50.00,3,2);

INSERT INTO PURCHASE_HIST (PH_DATE, VG_ID, BR_ID, NUM_PURCHASED, IND_COST, VE_ID, MA_ID)
	VALUES (CURDATE(),30,2,7,50.00,3,2);

INSERT INTO PURCHASE_HIST (PH_DATE, VG_ID, BR_ID, NUM_PURCHASED, IND_COST, VE_ID, MA_ID)
	VALUES (CURDATE(),32,2,7,50.00,3,2);

INSERT INTO PURCHASE_HIST (PH_DATE, VG_ID, BR_ID, NUM_PURCHASED, IND_COST, VE_ID, MA_ID)
	VALUES (CURDATE(),34,2,7,50.00,3,2);
    
INSERT INTO PURCHASE_HIST (PH_DATE, VG_ID, BR_ID, NUM_PURCHASED, IND_COST, VE_ID, MA_ID)
	VALUES (CURDATE(),36,2,7,50.00,3,2);

INSERT INTO PURCHASE_HIST (PH_DATE, VG_ID, BR_ID, NUM_PURCHASED, IND_COST, VE_ID, MA_ID)
	VALUES (CURDATE(),38,2,7,50.00,3,2);

INSERT INTO PURCHASE_HIST (PH_DATE, VG_ID, BR_ID, NUM_PURCHASED, IND_COST, VE_ID, MA_ID)
	VALUES (CURDATE(),40,2,7,50.00,3,2);


#	Create Customers to Rent Games

INSERT INTO CUSTOMER (CU_FIRST_NAME, CU_LAST_NAME, CU_PHONE_NUM, CU_ADDRESS)
	VALUES ('Greg','Bowman','888-888-8888','106 Yeetville Rd, Troy, NY, 12180');

INSERT INTO CUSTOMER (CU_FIRST_NAME, CU_LAST_NAME, CU_PHONE_NUM, CU_ADDRESS)
	VALUES ('Rita','Skita','887-887-8887','107 Yetterville Ave, Troy, NY, 12180');

INSERT INTO CUSTOMER (CU_FIRST_NAME, CU_LAST_NAME, CU_PHONE_NUM, CU_ADDRESS)
	VALUES ('Bill','Bo','877-877-8877','207 Teryville Ave, Troy, NY, 12180');

INSERT INTO CUSTOMER (CU_FIRST_NAME, CU_LAST_NAME, CU_PHONE_NUM, CU_ADDRESS)
	VALUES ('Sarah','Silva','777-777-7777','257 Everyville st, Troy, NY, 12180');

INSERT INTO CUSTOMER (CU_FIRST_NAME, CU_LAST_NAME, CU_PHONE_NUM, CU_ADDRESS)
	VALUES ('Banya','Oster','778-778-7778','27 Villa rd, Troy, NY, 12180');
    
INSERT INTO CUSTOMER (CU_FIRST_NAME, CU_LAST_NAME, CU_PHONE_NUM, CU_ADDRESS)
	VALUES ('Barry','Stein','788-788-7788','71 Vanilla Way, Troy, NY, 12180');

INSERT INTO CUSTOMER (CU_FIRST_NAME, CU_LAST_NAME, CU_PHONE_NUM, CU_ADDRESS)
	VALUES ('Lu','Bu','686-768-7768','664 Manilla St, Troy, NY, 12180');
    
INSERT INTO CUSTOMER (CU_FIRST_NAME, CU_LAST_NAME, CU_PHONE_NUM, CU_ADDRESS)
	VALUES ('Dong','Zhuou','486-468-7448','463 Chin Yang St, Troy, NY, 12180');

INSERT INTO CUSTOMER (CU_FIRST_NAME, CU_LAST_NAME, CU_PHONE_NUM, CU_ADDRESS)
	VALUES ('Zhuge','Liang','386-438-7433','43 Tsu Yang St, Troy, NY, 12180');

INSERT INTO CUSTOMER (CU_FIRST_NAME, CU_LAST_NAME, CU_PHONE_NUM, CU_ADDRESS)
	VALUES ('Arnold','Ang','383-638-6433','63 Yang St, Troy, NY, 12180');
    
INSERT INTO CUSTOMER (CU_FIRST_NAME, CU_LAST_NAME, CU_PHONE_NUM, CU_ADDRESS)
	VALUES ('Gerold','Tulng','333-338-3433','3 Bang St, Maryland, NY, 12116');

INSERT INTO CUSTOMER (CU_FIRST_NAME, CU_LAST_NAME, CU_PHONE_NUM, CU_ADDRESS)
	VALUES ('Ronald','Gungnir','363-638-3463','6 Bang St, Maryland, NY, 12116');
    
INSERT INTO CUSTOMER (CU_FIRST_NAME, CU_LAST_NAME, CU_PHONE_NUM, CU_ADDRESS)
	VALUES ('Ron','Nirzche','663-636-6466','36 Old Rd, Maryland, NY, 12116');
    

#   Rent some Games!


INSERT INTO RENTAL (RE_DATE,VG_ID,EM_ID,BR_ID,CU_ID,DUE_DATE)
	VALUES (curdate(),1,1,1,1,curdate()+5);
    
INSERT INTO RENTAL (RE_DATE,VG_ID,EM_ID,BR_ID,CU_ID,DUE_DATE)
	VALUES (curdate(),2,1,1,2,curdate()+5);

INSERT INTO RENTAL (RE_DATE,VG_ID,EM_ID,BR_ID,CU_ID,DUE_DATE)
	VALUES (curdate(),3,1,1,3,curdate()+5);
    
INSERT INTO RENTAL (RE_DATE,VG_ID,EM_ID,BR_ID,CU_ID,DUE_DATE)
	VALUES (curdate(),4,1,1,4,curdate()+5);

INSERT INTO RENTAL (RE_DATE,VG_ID,EM_ID,BR_ID,CU_ID,DUE_DATE)
	VALUES (curdate(),5,1,1,5,curdate()+5);

INSERT INTO RENTAL (RE_DATE,VG_ID,EM_ID,BR_ID,CU_ID,DUE_DATE)
	VALUES (curdate(),6,1,1,6,curdate()+5);

INSERT INTO RENTAL (RE_DATE,VG_ID,EM_ID,BR_ID,CU_ID,DUE_DATE)
	VALUES (curdate(),7,4,2,7,curdate()+5);
    
INSERT INTO RENTAL (RE_DATE,VG_ID,EM_ID,BR_ID,CU_ID,DUE_DATE)
	VALUES (curdate(),8,4,2,8,curdate()+5);
    
INSERT INTO RENTAL (RE_DATE,VG_ID,EM_ID,BR_ID,CU_ID,DUE_DATE)
	VALUES (curdate(),9,4,2,9,curdate()+5);
    
INSERT INTO RENTAL (RE_DATE,VG_ID,EM_ID,BR_ID,CU_ID,DUE_DATE)
	VALUES (curdate(),10,4,2,10,curdate()+5);
    
#Lets Return them all.

delete from RENTAL where CU_ID = 10 and VG_ID = 10;
delete from RENTAL where CU_ID = 9 and VG_ID = 9;
delete from RENTAL where CU_ID = 8 and VG_ID = 8;
delete from RENTAL where CU_ID = 7 and VG_ID = 7;
delete from RENTAL where CU_ID = 6 and VG_ID = 6;
delete from RENTAL where CU_ID = 5 and VG_ID = 5;
delete from RENTAL where CU_ID = 4 and VG_ID = 4;
delete from RENTAL where CU_ID = 3 and VG_ID = 3;
delete from RENTAL where CU_ID = 2 and VG_ID = 2;
delete from RENTAL where CU_ID = 1 and VG_ID = 1;

#Lets Rent some more games!

INSERT INTO RENTAL (RE_DATE,VG_ID,EM_ID,BR_ID,CU_ID,DUE_DATE)
	VALUES (curdate(),1,1,1,3,curdate()+5);
    
INSERT INTO RENTAL (RE_DATE,VG_ID,EM_ID,BR_ID,CU_ID,DUE_DATE)
	VALUES (curdate(),2,1,1,4,curdate()+5);

INSERT INTO RENTAL (RE_DATE,VG_ID,EM_ID,BR_ID,CU_ID,DUE_DATE)
	VALUES (curdate(),3,1,1,5,curdate()+5);
    
INSERT INTO RENTAL (RE_DATE,VG_ID,EM_ID,BR_ID,CU_ID,DUE_DATE)
	VALUES (curdate(),4,1,1,6,curdate()+5);

INSERT INTO RENTAL (RE_DATE,VG_ID,EM_ID,BR_ID,CU_ID,DUE_DATE)
	VALUES (curdate(),5,1,1,7,curdate()+5);

INSERT INTO RENTAL (RE_DATE,VG_ID,EM_ID,BR_ID,CU_ID,DUE_DATE)
	VALUES (curdate(),6,1,1,8,curdate()+5);

INSERT INTO RENTAL (RE_DATE,VG_ID,EM_ID,BR_ID,CU_ID,DUE_DATE)
	VALUES (curdate(),7,4,2,9,curdate()+5);
    
INSERT INTO RENTAL (RE_DATE,VG_ID,EM_ID,BR_ID,CU_ID,DUE_DATE)
	VALUES (curdate(),8,4,2,10,curdate()+5);
    
INSERT INTO RENTAL (RE_DATE,VG_ID,EM_ID,BR_ID,CU_ID,DUE_DATE)
	VALUES (curdate(),9,4,2,11,curdate()+5);
    
INSERT INTO RENTAL (RE_DATE,VG_ID,EM_ID,BR_ID,CU_ID,DUE_DATE)
	VALUES (curdate(),10,4,2,12,curdate()+5);

